Team,Player,Role,Final_Price,Stats,Image_PathChennai Super Kings,Khaleel Ahmed,Bowler,4.80 Cr,Can bowl at both ends of an innings | An attacking left-arm wicket-taker | Plenty of experience as a net bowler for India,images/Khaleel_Ahmed.jpg
Chennai Super Kings,Zakary Foulkes,Allrounder,75.00 L,73 wickets from 63 games in T20s | Strikes in excess of 125 in T20s | Best of 3/20 in T20Is,images/Zakary_Foulkes.jpg
Chennai Super Kings,Urvil Patel,WK-Batter,30.00 L,,images/Urvil_Patel.jpg
Chennai Super Kings,Akeal Hosein,Bowler,2.00 Cr,Usually bowls wicket-to-wicket | Has a lot of experience of bowling in the powerplay | Excellent fielder and more than handy with the bat,images/Akeal_Hosein.jpg
Chennai Super Kings,Matthew Short,Allrounder,1.50 Cr,"Aggressive opener, puts bowlers under pressure | Defensive spinner, used mainly as a match-up option | Very good at playing the pull shot, can easily hit in front of square as well",images/Matthew_Short.jpg
Chennai Super Kings,Aman Khan,Allrounder,40.00 L,Big-hitting pace-bowling all-rounder | Has played for Mumbai and Puducherry | Previously played for KKR and DC in the IPL,images/Aman_Khan.jpg
Chennai Super Kings,Dewald Brevis,Batter,2.20 Cr,,images/Dewald_Brevis.jpg
Chennai Super Kings,Jamie Overton,Allrounder,1.50 Cr,,images/Jamie_Overton.jpg
Chennai Super Kings,Kartik Sharma,WK-Batter,14.20 Cr,A century on debut in the Ranji Trophy | Average of 30.36 in T20s | Has 334 runs so far in 11 innings across two seasons of SMAT,images/Kartik_Sharma.jpg
Chennai Super Kings,Shivam Dube,Allrounder,12.00 Cr,,images/Shivam_Dube.jpg
Chennai Super Kings,Ramakrishna Ghosh,Allrounder,30.00 L,,images/Ramakrishna_Ghosh.jpg
Chennai Super Kings,MS Dhoni,WK-Batter,4.00 Cr,Has one of the best strike rates in death overs in IPL | Most finals as a skipper in IPL | Most dismissals by a wicketkeeper in IPL,images/MS_Dhoni.jpg
Chennai Super Kings,Noor Ahmad,Bowler,10.00 Cr,"Bowls left-arm unorthodox, a rare commodity in cricket | Can spin the ball both ways | Took 8 wickets from 10 matches last season",images/Noor_Ahmad.jpg
Chennai Super Kings,Sarfaraz Khan,Batter,75.00 L,"Fearless batter, can play 360 | Has hit a purple patch in SMAT 2025 with 329 runs in 7 innings | Has started to keep wickets",images/Sarfaraz_Khan.jpg
Chennai Super Kings,Ayush Mhatre,Allrounder,30.00 L,17-year old batting prodigy from Mumbai | Made his first-class debut in October this year | Has already struck 2 centuries and 1 fifty,images/Ayush_Mhatre.jpg
Chennai Super Kings,Rahul Chahar,Bowler,5.20 Cr,Street-smart leg spinner | Bowls at a quicker pace and attacks the stumps | Has a well-disguised googly and slider,images/Rahul_Chahar.jpg
Chennai Super Kings,Sanju Samson,WK-Batter,18.00 Cr,,images/Sanju_Samson.jpg
Chennai Super Kings,Matt Henry,Bowler,2.00 Cr,Seam bowler | Can move the ball both ways | Mainly used with the new ball,images/Matt_Henry.jpg
Chennai Super Kings,Prashant Veer,Allrounder,14.20 Cr,Strikes at 167 in T20s | 320 runs and 8 wickets across 10 matches in UPT20 league 2025 | Offers flexibility through the middle overs,images/Prashant_Veer.jpg
Chennai Super Kings,Gurjapneet Singh,Bowler,2.20 Cr,Smooth action | Tall and makes the new ball move both ways | 13 wickets in 4 Ranji matches in his maiden season,images/Gurjapneet_Singh.jpg
Chennai Super Kings,Nathan Ellis,Bowler,2.00 Cr,,images/Nathan_Ellis.jpg
Chennai Super Kings,Shreyas Gopal,Bowler,30.00 L,"Picked a hat-trick in the shortest IPL game and also picked the first ever hat-trick in Irani Trophy | Relies on flight and a deceptive googly to get his wickets | Handy batter lower down the order, has a First Class average of 34.76",images/Shreyas_Gopal.jpg
Chennai Super Kings,Anshul Kamboj,Bowler,3.40 Cr,,images/Anshul_Kamboj.jpg
Chennai Super Kings,Ruturaj Gaikwad,Batter,18.00 Cr,,images/Ruturaj_Gaikwad.jpg
Chennai Super Kings,Mukesh Choudhary,Bowler,30.00 L,,images/Mukesh_Choudhary.jpg
Delhi Capitals,Auqib Nabi Dar,Allrounder,8.40 Cr,"Ability to move the ball both ways | Having a very good SMAT 2025, 15 wickets in 7 games | No mug with the bat",images/Auqib_Nabi_Dar.jpg
Delhi Capitals,Dushmantha Chameera,Bowler,75.00 L,Skiddy bowler who hurries the batters | Hits the deck hard and gets some uneven bounce | Can constantly bowl at 140 kmph,images/Dushmantha_Chameera.jpg
Delhi Capitals,Kyle Jamieson,Bowler,2.00 Cr,Swings the new ball and generates extra bounce | Best of 6/7 in T20s | Can be used as an attacking option with bat,images/Kyle_Jamieson.jpg
Delhi Capitals,Sahil Parakh,Batter,30.00 L,Batter | Indian domestic cricket | Compact technique,images/Sahil_Parakh.jpg
Delhi Capitals,KL Rahul,WK-Batter,14.00 Cr,Stylish right-handed anchorman | Very strong on the drives and the cuts and can open or bat middle-order | Gives a leadership option as well,images/KL_Rahul.jpg
Delhi Capitals,Madhav Tiwari,Allrounder,40.00 L,,images/Madhav_Tiwari.jpg
Delhi Capitals,Vipraj Nigam,Bowler,50.00 L,,images/Vipraj_Nigam.jpg
Delhi Capitals,Axar Patel,Allrounder,16.50 Cr,,images/Axar_Patel.jpg
Delhi Capitals,David Miller,Batter,2.00 Cr,One of the most feared power-hitters in the middle-order | A top fielder in the outfield | Matured considerably over the last few years,images/David_Miller.jpg
Delhi Capitals,Pathum Nissanka,Batter,4.00 Cr,Has played in several T20 leagues | Classy top order batter | Averages 30 in T20s,images/Pathum_Nissanka.jpg
Delhi Capitals,Kuldeep Yadav,Bowler,13.25 Cr,,images/Kuldeep_Yadav.jpg
Delhi Capitals,Tristan Stubbs,Batter,10.00 Cr,,images/Tristan_Stubbs.jpg
Delhi Capitals,Lungi Ngidi,Bowler,2.00 Cr,"Tall, hit-the-deck-hard bowler, who can move the ball both ways | Can touch 140 kph | Has good variations and troubles batters with his bounce",images/Lungi_Ngidi.jpg
Delhi Capitals,Ajay Jadav Mandal,Allrounder,30.00 L,"Solid all-rounder, hard hitter of the ball and handy left arm spinner | Big turner of the ball, troubles right handers | Good player of the pull shot, unfazed by short pitched bowling",images/Ajay_Jadav_Mandal.jpg
Delhi Capitals,Nitish Rana,Batter,4.20 Cr,Can play as an opener and in the middle-order | Decent sixth-bowling option | Experience in playing high-pressure situations,images/Nitish_Rana.jpg
Delhi Capitals,Ben Duckett,WK-Batter,2.00 Cr,Left-handed aggressive opener | Very strong square of the wicket | Can don the gloves as well,images/Ben_Duckett.jpg
Delhi Capitals,Prithvi Shaw,Batter,75.00 L,Aggressive opening batter | High on intent in the powerplay | Has a touch of class and elegance in his strokeplay,images/Prithvi_Shaw.jpg
Delhi Capitals,T Natarajan,Bowler,10.75 Cr,"Yorker and death over specialist | Brings the left-arm angle into play | Took 19 wickets, the most by a SRH bowler in 2024",images/T_Natarajan.jpg
Delhi Capitals,Ashutosh Sharma,Allrounder,3.80 Cr,Six-hitter | Played a few gems for PBKS last season in the death overs,images/Ashutosh_Sharma.jpg
Delhi Capitals,Mukesh Kumar,Bowler,8.00 Cr,Canny and experienced pacer from Bengal | Could be used as a middle-over enforcer with the ball | Has 20 wickets from 17 T20Is so far,images/Mukesh_Kumar.jpg
Delhi Capitals,Tripurana Vijay,Bowler,30.00 L,,images/Tripurana_Vijay.jpg
Delhi Capitals,Abishek Porel,WK-Batter,4.00 Cr,,images/Abishek_Porel.jpg
Delhi Capitals,Karun Nair,Batter,50.00 L,"Elegant batter | Maharaja Trophy KSCA T20 Player of the Tournament (56 avg, 181.22 SR) | Did not play the previous two IPLs",images/Karun_Nair.jpg
Delhi Capitals,Mitchell Starc,Bowler,11.75 Cr,Broke the bank last year by becoming the costliest buy in IPL history | Proved why he is a big match player with a PoTM performance in the final | Has a lethal yorker and can be a big weapon at the death,images/Mitchell_Starc.jpg
Delhi Capitals,Sameer Rizvi,Batter,95.00 L,,images/Sameer_Rizvi.jpg
Gujarat Titans,Jayant Yadav,Allrounder,75.00 L,Handy stump to stump bowler who keeps tight lines | Troubles the left-arm batters with the away going delivery | Economical bowler,images/Jayant_Yadav.jpg
Gujarat Titans,Ravisrinivasan Sai Kishore,Bowler,2.00 Cr,Bowls left-arm orthodox and is sometimes used as a floater with the bat | Bowls wicket-to-wicket and is very accurate | Can bowl with the new ball as well,images/Ravisrinivasan_Sai_Kishore.jpg
Gujarat Titans,Mohammed Siraj,Bowler,12.25 Cr,Can swing the new ball and be skiddy as well | Has improved on death overs bowling,images/Mohammed_Siraj.jpg
Gujarat Titans,Rahul Tewatia,Allrounder,4.00 Cr,,images/Rahul_Tewatia.jpg
Gujarat Titans,Prithvi Raj Yarra,Bowler,30.00 L,Leftâ€‘arm medium pace bowler from Andhra | Consistent wicketâ€‘taking ability | Best of 3/7 in T20s,images/Prithvi_Raj_Yarra.jpg
Gujarat Titans,Nishant Sindhu,Allrounder,30.00 L,Strong on anything short and wide | More than handy with the ball,images/Nishant_Sindhu.jpg
Gujarat Titans,Shahrukh Khan,Allrounder,4.00 Cr,,images/Shahrukh_Khan.jpg
Gujarat Titans,Kumar Kushagra,WK-Batter,65.00 L,"Part of India U19 World Cup squad in 2020 | Was the focus of a three way bidding war between Gujarat, Chennai and Delhi in the 2023 Auctions | Is Indiaâ€™s youngest batter to score 250+ in domestic cricket, achieved that as 17 year old",images/Kumar_Kushagra.jpg
Gujarat Titans,Jason Holder,Allrounder,7.00 Cr,Lanky fast-bowling all-rounder | Has improved his death bowling | Extracts good bounce with his height,images/Jason_Holder.jpg
Gujarat Titans,Tom Banton,WK-Batter,2.00 Cr,"Has featured in as many as 8 T20 leagues across the world | Bats at the top of the order, can keep wickets and is a good catcher",images/Tom_Banton.jpg
Gujarat Titans,Shubman Gill,Batter,16.50 Cr,,images/Shubman_Gill.jpg
Gujarat Titans,Sai Sudharsan,Batter,8.50 Cr,,images/Sai_Sudharsan.jpg
Gujarat Titans,Washington Sundar,Allrounder,3.20 Cr,One of the leading Indian all-rounders | Technically sound batter that can bat anywhere | Bowls with high control and in the powerplay,images/Washington_Sundar.jpg
Gujarat Titans,Jos Buttler,WK-Batter,15.75 Cr,"One of the most feared T20 batters | Adds leadership value, led England to glory in the 2022 T20 WC | Has scored 7 IPL tons, second only to Virat Kohli - 8 hundreds",images/Jos_Buttler.jpg
Gujarat Titans,Ishant Sharma,Bowler,75.00 L,Has 300-plus Test wickets | Has a best of 5/12 in T20s | Decent economy of 8.24 in IPL (110 games so far),images/Ishant_Sharma.jpg
Gujarat Titans,Anuj Rawat,WK-Batter,30.00 L,Has 26 fours and 14 sixes after his first 21 games in IPL | Prefers opening the batting but was used as a finisher by RCB in IPL 2024 | A naturally attacking player who can hit sixes for fun once settled,images/Anuj_Rawat.jpg
Gujarat Titans,Glenn Phillips,Allrounder,2.00 Cr,Big-hitter particularly off the backfoot | Can keep wickets and is a gun outfielder | Bowls handy off-spin,images/Glenn_Phillips.jpg
Gujarat Titans,Manav Suthar,Allrounder,30.00 L,Classic left-arm spinner | Varies the pace brilliantly | Has a terrific bowling record in First-Class cricket,images/Manav_Suthar.jpg
Gujarat Titans,Gurnoor Brar,Bowler,1.30 Cr,Tall hit the deck hard pacer | Moves the ball in the air and off the deck | Bowl above 140kph,images/Gurnoor_Brar.jpg
Gujarat Titans,Arshad Khan,Bowler,1.30 Cr,,images/Arshad_Khan.jpg
Gujarat Titans,Prasidh Krishna,Bowler,9.50 Cr,Procures bounce off any surface | Has good mix of variations | He was not a part of the 2024 season with an injury,images/Prasidh_Krishna.jpg
Gujarat Titans,Rashid Khan,Allrounder,18.00 Cr,,images/Rashid_Khan.jpg
Gujarat Titans,Kagiso Rabada,Bowler,10.75 Cr,Can bowl in all phases | Gets the ball to skid and rushes batters as well | Handy with bat too,images/Kagiso_Rabada.jpg
Gujarat Titans,Luke Wood,Bowler,75.00 L,Can swing the new ball into the right-hander | Can hit the ball a long way | Bowls at a good pace and hustles the batter,images/Luke_Wood.jpg
Gujarat Titans,Ashok Sharma,Bowler,90.00 L,Leading wicket-taker in the ongoing 2025 SMAT | Consistently clocks deliveries above 140 km/h | Best figures of 4/16,images/Ashok_Sharma.jpg
Kolkata Knight Riders,Finn Allen,WK-Batter,2.00 Cr,Belligerent opening batter | Loves taking on the bowlers in the powerplay | Can keep wickets if needed,images/Finn_Allen.jpg
Kolkata Knight Riders,Tim Seifert,WK-Batter,1.50 Cr,"Keeps wickets, but is an outstanding outfielder as well | Has played for DC and KKR previously | Was part of the victorious St.Lucia Kings in CPL 2024",images/Tim_Seifert.jpg
Kolkata Knight Riders,Umran Malik,Bowler,75.00 L,"Hostile pace, often going past 140 kmph | Natural length is skiddy",images/Umran_Malik.jpg
Kolkata Knight Riders,Tejasvi Dahiya,WK-Batter,3.00 Cr,Hard-hitting keeper batter from Delhi | Had a good season with the bat in DPL 2025 | Known for his finishing ability,images/Tejasvi_Dahiya.jpg
Kolkata Knight Riders,Manish Pandey,Batter,75.00 L,,images/Manish_Pandey.jpg
Kolkata Knight Riders,Akash Deep,Bowler,1.00 Cr,Bowls with an economy under 8 in T20s | Has the knack of breaking partnerships | Expert at using the seam to generate variations,images/Akash_Deep.jpg
Kolkata Knight Riders,Angkrish Raghuvanshi,Batter,3.00 Cr,Played a few gems for KKR batting at three | SR of 155.24 in his maiden IPL season (2024) | Has a wide range of shots,images/Angkrish_Raghuvanshi.jpg
Kolkata Knight Riders,Ramandeep Singh,Allrounder,4.00 Cr,Powerful striker in the death overs | Bowls handy medium-pace in the middle overs | Excellent fielder,images/Ramandeep_Singh.jpg
Kolkata Knight Riders,Sarthak Ranjan,Allrounder,30.00 L,,images/Sarthak_Ranjan.jpg
Kolkata Knight Riders,Rovman Powell,Batter,1.50 Cr,"Power-hitter, improved player against spin | Handy medium-pacer | Captains the West Indies in T20Is",images/Rovman_Powell.jpg
Kolkata Knight Riders,Rinku Singh,Batter,13.00 Cr,,images/Rinku_Singh.jpg
Kolkata Knight Riders,Kartik Tyagi,Bowler,30.00 L,Mostly hits the deck hard | Has a very good yorker | Once defended 4 runs in the final over in a game against PBKS in 2021,images/Kartik_Tyagi.jpg
Kolkata Knight Riders,Mustafizur Rahman,Bowler,9.20 Cr,Bowls cutters with variations in pace | Excellent death bowler | Has been in decent rhythm in recent times,images/Mustafizur_Rahman.jpg
Kolkata Knight Riders,Rahul Tripathi,Batter,75.00 L,"Proven top-order batter | Plays an aggressive brand, can attack spin as well | Innovative stroke-maker",images/Rahul_Tripathi.jpg
Kolkata Knight Riders,Harshit Rana,Bowler,4.00 Cr,,images/Harshit_Rana.jpg
Kolkata Knight Riders,Rachin Ravindra,Allrounder,2.00 Cr,Enjoyed breakthrough Test tours of India and Sri Lanka | Top order left-hand batter and slow left-arm spinner,images/Rachin_Ravindra.jpg
Kolkata Knight Riders,Sunil Narine,Allrounder,12.00 Cr,,images/Sunil_Narine.jpg
Kolkata Knight Riders,Anukul Roy,Allrounder,40.00 L,,images/Anukul_Roy.jpg
Kolkata Knight Riders,Cameron Green,Batter,25.20 Cr,Hefty hitter of the cricket ball | Can bowl his four overs at any stage of the game | Very safe fielder,images/Cameron_Green.jpg
Kolkata Knight Riders,Varun Chakaravarthy,Bowler,12.00 Cr,,images/Varun_Chakaravarthy.jpg
Kolkata Knight Riders,Ajinkya Rahane,Batter,1.50 Cr,Technically sound batter | Has renewed his T20 game as an enforcer | Is a classical player,images/Ajinkya_Rahane.jpg
Kolkata Knight Riders,Vaibhav Arora,Bowler,1.80 Cr,"Effective new ball bowler, can swing the ball both ways | Very useful in overcast conditions or pitches that support swing bowling | Got the crucial wicket of Travis Head in the 2024 IPL Final",images/Vaibhav_Arora.jpg
Kolkata Knight Riders,Matheesha Pathirana,Bowler,18.00 Cr,Has a slingy bowling action | Has good yorkers and change of pace | Mainly used after the powerplay and in the death,images/Matheesha_Pathirana.jpg
Kolkata Knight Riders,Prashant Solanki,Bowler,30.00 L,,images/Prashant_Solanki.jpg
Kolkata Knight Riders,Daksh Kamra,Allrounder,30.00 L,Leg spinner from Hyderabad,images/Daksh_Kamra.jpg
Lucknow Super Giants,Avesh Khan,Bowler,9.75 Cr,Can nail the yorkers during the death overs | Top wicket-taker for the Royals with 19 scalps in 2024 | Has a good mix of variations in his kitty,images/Avesh_Khan.jpg
Lucknow Super Giants,Mayank Yadav,Bowler,11.00 Cr,,images/Mayank_Yadav.jpg
Lucknow Super Giants,Manimaran Siddharth,Bowler,75.00 L,,images/Manimaran_Siddharth.jpg
Lucknow Super Giants,Naman Tiwari,Bowler,1.00 Cr,Featured for India at the 2024 Under-19 World Cup | 3rd-highest wicket-taker in UPT20 league 2025 | Bowls at a good pace,images/Naman_Tiwari.jpg
Lucknow Super Giants,Nicholas Pooran,WK-Batter,21.00 Cr,,images/Nicholas_Pooran.jpg
Lucknow Super Giants,Ayush Badoni,Batter,4.00 Cr,,images/Ayush_Badoni.jpg
Lucknow Super Giants,Wanindu Hasaranga,Allrounder,2.00 Cr,"A smart leg-spinner with a lethal googly | 2nd highest wicket-taker in T20s in 2024 | Excellent fielder, can contribute with the bat as well",images/Wanindu_Hasaranga.jpg
Lucknow Super Giants,Arshin Kulkarni,Allrounder,30.00 L,Power-hitter | Strikes at 158 in T20s | Offers great value with his seam bowling,images/Arshin_Kulkarni.jpg
Lucknow Super Giants,Josh Inglis,WK-Batter,8.60 Cr,A 360 cricketer | Can play anywhere in the top 6 | Will not be available for the whole season,images/Josh_Inglis.jpg
Lucknow Super Giants,Abdul Samad,Batter,4.20 Cr,"Powerful striker, six-hitter | Useful with his leg-breaks",images/Abdul_Samad.jpg
Lucknow Super Giants,Digvesh Singh Rathi,Bowler,30.00 L,Bowler | Indian domestic setup | Economy of 7.56 in T20s,images/Digvesh_Singh_Rathi.jpg
Lucknow Super Giants,Mitchell Marsh,Allrounder,3.40 Cr,"Current T20I captain of Australia | Powerful striker off the back-foot | Gives handy overs with the ball, safe fielder",images/Mitchell_Marsh.jpg
Lucknow Super Giants,Mohammed Shami,Bowler,10.00 Cr,One of the most penetrative seam bowlers around | Possesses an excellent yorker and can reverse the old ball as well | Can bowl in different phases,images/Mohammed_Shami.jpg
Lucknow Super Giants,Akshat Raghuwanshi,Batter,2.20 Cr,"Right-handed middle order basher | Had a very good Madhya Pradesh T20 League, 239 runs in 4 innings",images/Akshat_Raghuwanshi.jpg
Lucknow Super Giants,Akash Maharaj Singh,Bowler,30.00 L,Someone who can skid it off the deck | Can be handy with the new ball | Has experience in the IPL,images/Akash_Maharaj_Singh.jpg
Lucknow Super Giants,Prince Yadav,Bowler,30.00 L,Hit-the-deck-hard pace bowler | Specialist death overs bowler,images/Prince_Yadav.jpg
Lucknow Super Giants,Rishabh Pant,WK-Batter,27.00 Cr,"Show-stealer, captaincy material | Can tackle tough situations and quickly transfer pressure back on opponents | Audacious in his strokeplay",images/Rishabh_Pant.jpg
Lucknow Super Giants,Mukul Choudhary,WK-Batter,2.60 Cr,Averages 32 with the bat in T20s | Strike rate of 157.57 in T20s,images/Mukul_Choudhary.jpg
Lucknow Super Giants,Aiden Markram,Batter,2.00 Cr,Technically sound top-order batsman | A proven customer on sub-continental tracks | Useful off-spinner who can sneak in a few overs even in the powerplay,images/Aiden_Markram.jpg
Lucknow Super Giants,Mohsin Khan,Bowler,4.00 Cr,Hit the deck bowler who can also move the ball | Is not afraid to bowl the tough overs | Injury prone,images/Mohsin_Khan.jpg
Lucknow Super Giants,Matthew Breetzke,WK-Batter,75.00 L,Stylish and explosive top-order batter | Impressive numbers in SA20 and T20 Blast this year,images/Matthew_Breetzke.jpg
Lucknow Super Giants,Shahbaz Ahmed,Allrounder,2.40 Cr,Elegant left-hander with a wide array of shots | Bowls useful left-arm spin and is a partnership breaker | Gun fielder both inside and outside the 30-yard circle,images/Shahbaz_Ahmed.jpg
Lucknow Super Giants,Arjun Tendulkar,Allrounder,30.00 L,,images/Arjun_Tendulkar.jpg
Lucknow Super Giants,Himmat Singh,Batter,30.00 L,,images/Himmat_Singh.jpg
Lucknow Super Giants,Anrich Nortje,Bowler,2.00 Cr,"Bowls consistently over the 140 kmph range | Raw pace, but has been inconsistent at times | Bowls across all phases of the game",images/Anrich_Nortje.jpg
Mumbai Indians,Corbin Bosch,Allrounder,75.00 L,,images/Corbin_Bosch.jpg
Mumbai Indians,Will Jacks,Allrounder,5.25 Cr,Powerful top-order batter | Handy with his off-break bowling | Made a superb century during the 2024 season,images/Will_Jacks.jpg
Mumbai Indians,Hardik Pandya,Allrounder,16.35 Cr,,images/Hardik_Pandya.jpg
Mumbai Indians,Robin Minz,WK-Batter,65.00 L,"Is dubbed the ""Chris Gayle of Jharkhand"" for his aggressive batting style | Was picked by Gujarat for 2024 IPL but had to pull out due to a bike accident | Was invited for trials by LSG, MI, DC and KKR in 2023 after being noticed by Mumbai scouts",images/Robin_Minz.jpg
Mumbai Indians,Raj Bawa,Allrounder,30.00 L,"Stylish left-handed middle-order batter | Pace bowling all-rounder, rare commodity in Indian cricket | Was the Player of the Match in the final of 2022 U-19 WC",images/Raj_Bawa.jpg
Mumbai Indians,Shardul Thakur,Allrounder,2.00 Cr,"Partnership breaker, brave-hearted bowler | Deceives batters with knuckle ball, bowls swing and seam | Can play audacious shots and crucial cameos",images/Shardul_Thakur.jpg
Mumbai Indians,Danish Malewar,Batter,30.00 L,Top order batter from Vidarbha,images/Danish_Malewar.jpg
Mumbai Indians,Sherfane Rutherford,Allrounder,2.60 Cr,Has excellent game awareness and powerful shot making | Natural sweet timer and a good batter against spin,images/Sherfane_Rutherford.jpg
Mumbai Indians,Mayank Markande,Bowler,30.00 L,Likes to deceive batter in flight | Has a good googly | Has 20 wickets in the 2023 and 2024 IPL combined,images/Mayank_Markande.jpg
Mumbai Indians,Mayank Rawat,Allrounder,30.00 L,,images/Mayank_Rawat.jpg
Mumbai Indians,Mohammed Salahuddin Izhar,Bowler,30.00 L,,images/Mohammed_Salahuddin_Izhar.jpg
Mumbai Indians,Deepak Chahar,Bowler,9.25 Cr,Proven IPL performer | Can be deadly with the new ball on conditions that are favourable to swing | Averages 34 and 26 with the bat in ODIs and T20Is respectively,images/Deepak_Chahar.jpg
Mumbai Indians,Jasprit Bumrah,Bowler,18.00 Cr,,images/Jasprit_Bumrah.jpg
Mumbai Indians,Rohit Sharma,Batter,16.30 Cr,Arguably the most successful captain in IPL | Most sixes in T20Is | Averages nearly 30 in IPL,images/Rohit_Sharma.jpg
Mumbai Indians,Naman Dhir,Batter,5.25 Cr,Fearless top-order bat | Likes to take the aerial route | Decent offie,images/Naman_Dhir.jpg
Mumbai Indians,Ashwani Kumar,Batter,30.00 L,,images/Ashwani_Kumar.jpg
Mumbai Indians,Mitchell Santner,Allrounder,2.00 Cr,"Bowls wicket-to-wicket | Solid defensive bowler, effective even on small grounds | Can contribute with the bat",images/Mitchell_Santner.jpg
Mumbai Indians,Tilak Varma,Batter,8.00 Cr,,images/Tilak_Varma.jpg
Mumbai Indians,Trent Boult,Bowler,12.50 Cr,"A freelancer with experience across different leagues | Swings the new ball, has many slower ball variations | Wicket-taking option during the batting powerplay",images/Trent_Boult.jpg
Mumbai Indians,Suryakumar Yadav,Batter,16.35 Cr,,images/Suryakumar_Yadav.jpg
Mumbai Indians,Ryan Rickelton,WK-Batter,1.00 Cr,Keeper-bat who usually bats at the top of the order | Has been in good touch for South Africa recently | Struck 227 fours and 125 sixes from 100 T20 innings so far,images/Ryan_Rickelton.jpg
Mumbai Indians,AM Ghazanfar,Bowler,4.80 Cr,Smart off-spin bowling all-rounder | Could be used as a match-up against left-hand dominant line-ups | Has 29 wickets at an economy of 5.71 from 16 T20s so far,images/AM_Ghazanfar.jpg
Mumbai Indians,Atharva Ankolekar,Allrounder,30.00 L,,images/Atharva_Ankolekar.jpg
Mumbai Indians,Raghu Sharma,Bowler,30.00 L,Leg spinner from Punjab | Bowls during the middle phase,images/Raghu_Sharma.jpg
Mumbai Indians,Quinton de Kock,WK-Batter,1.00 Cr,"Made his return to international cricket | Offers a left-handed opening option and a wicket-keeper | Loves pace on the ball, good with the sweep and reverse sweep against spin",images/Quinton_de_Kock.jpg
Punjab Kings,Vishal Nishad,Bowler,30.00 L,Bowler | Indian domestic cricket | Control-based operator,images/Vishal_Nishad.jpg
Punjab Kings,Shashank Singh,Allrounder,5.50 Cr,,images/Shashank_Singh.jpg
Punjab Kings,Yash Thakur,Bowler,1.60 Cr,Effective middle-overs bowler | Hits hard lengths regularly and has a good slower delivery | Became the first bowler to take a fifer in IPL 2024,images/Yash_Thakur.jpg
Punjab Kings,Prabhsimran Singh,Batter,4.00 Cr,,images/Prabhsimran_Singh.jpg
Punjab Kings,Marcus Stoinis,Allrounder,11.00 Cr,Made 388 runs at a SR of 147.5 in the 2024 season | Resourceful power-hitter | Offers reasonable value with the ball,images/Marcus_Stoinis.jpg
Punjab Kings,Arshdeep Singh,Bowler,18.00 Cr,Played a pivotal role in the successful 2024 T20 WC campaign for India | Very potent in powerplay and at the death as well | Can deliver even in pressure situations,images/Arshdeep_Singh.jpg
Punjab Kings,Suryansh Shedge,Allrounder,30.00 L,,images/Suryansh_Shedge.jpg
Punjab Kings,Harpreet Brar,Bowler,1.50 Cr,Bowls a difficult trajectory to hit | Handy with the bat too,images/Harpreet_Brar.jpg
Punjab Kings,Pyla Avinash,Batter,30.00 L,,images/Pyla_Avinash.jpg
Punjab Kings,Harnoor Singh,Batter,30.00 L,Powerful top order batter | Has been in decent form in Ranji Trophy,images/Harnoor_Singh.jpg
Punjab Kings,Azmatullah Omarzai,Allrounder,2.40 Cr,Bats in the middle-order and is a genuine medium-fast bowler | Made runs in the recent white-ball series against Bangladesh,images/Azmatullah_Omarzai.jpg
Punjab Kings,Xavier Bartlett,Bowler,80.00 L,,images/Xavier_Bartlett.jpg
Punjab Kings,Ben Dwarshuis,Allrounder,4.40 Cr,Versatile pacer who can bowl at any stage | Hits sixes for fun in the slog overs,images/Ben_Dwarshuis.jpg
Punjab Kings,Yuzvendra Chahal,Bowler,18.00 Cr,Brave spinner who flights the ball | Gets good turn with his leggies | Always on the list for the Purple Cap,images/Yuzvendra_Chahal.jpg
Punjab Kings,Vishnu Vinod,WK-Batter,95.00 L,Holds the record for highest 7th wicket partnership in Vijay Hazare Trophy | Known for being a destructive six hitter in domestic comps | Generally opens the batting but can play middle order,images/Vishnu_Vinod.jpg
Punjab Kings,Lockie Ferguson,Bowler,2.00 Cr,Out and out pace bowler | Has a sharp bumper and a deadly yorker | Has 194 wickets from 161 innings at an economy of 7.74 in T20s so far,images/Lockie_Ferguson.jpg
Punjab Kings,Marco Jansen,Allrounder,7.00 Cr,"Left arm swing bowler, extracts extra bounce | Experience of playing in pressure situations | More than handy with the bat",images/Marco_Jansen.jpg
Punjab Kings,Shreyas Iyer,Batter,26.75 Cr,"Led KKR to the title in 2024, also led DC to playoffs twice | Quality player of spin | Has different gears to his game",images/Shreyas_Iyer.jpg
Punjab Kings,Nehal Wadhera,Batter,4.20 Cr,Middle-order batter who can pace his innings well | Showed his calibre in the 2023 season,images/Nehal_Wadhera.jpg
Punjab Kings,Musheer Khan,Allrounder,30.00 L,Struck 2 centuries for India in the 2024 U19 WC | Younger brother of Sarfaraz Khan | Solid middle order batter who bowls useful left-arm spin,images/Musheer_Khan.jpg
Punjab Kings,Praveen Dubey,Bowler,30.00 L,Can bowl useful leg breaks and control the middle overs | Bats lower down the order and can make some quick runs | Has an effective googly which he uses against left handers,images/Praveen_Dubey.jpg
Punjab Kings,Cooper Connolly,Allrounder,3.00 Cr,Left-handed bat who can bat anywhere in the top 6 | More than handy off-spinner,images/Cooper_Connolly.jpg
Punjab Kings,Priyansh Arya,Batter,3.80 Cr,,images/Priyansh_Arya.jpg
Punjab Kings,Mitchell Owen,Batter,3.00 Cr,A solid all-rounder | Can bat in the middle-order and play the big shots | More than capable medium pacer,images/Mitchell_Owen.jpg
Punjab Kings,Vijaykumar Vyshak,Bowler,1.80 Cr,Hits the deck hard and gets some extra bounce | Has a good cutter and a well disguised slower ball | Generally used as a first change bowler and in the death overs,images/Vijaykumar_Vyshak.jpg
Rajasthan Royals,Kwena Maphaka,Bowler,1.50 Cr,"Exciting new talent, picked by MI as a 17-year-old | Bowls fiery, back of length balls but sometimes lacks consistency | Most effective with the new ball",images/Kwena_Maphaka.jpg
Rajasthan Royals,Sandeep Sharma,Bowler,4.00 Cr,,images/Sandeep_Sharma.jpg
Rajasthan Royals,Ravi Singh,WK-Batter,95.00 L,Averages 36.33 at a SR 173.01 in the ongoing SMAT | Bats aggressively against pace and spin,images/Ravi_Singh.jpg
Rajasthan Royals,Ravi Bishnoi,Bowler,7.20 Cr,"Leg-spinner, but relies more on his fast googlies | Economy of 7.54 in T20s | Best of 3-24 in IPL",images/Ravi_Bishnoi.jpg
Rajasthan Royals,Sushant Mishra,Bowler,90.00 L,Left-arm speedster who can clock 140kph | 18 wickets in 9 matches in SMAT this season,images/Sushant_Mishra.jpg
Rajasthan Royals,Adam Milne,Bowler,2.40 Cr,Stocky right-arm pacer from New Zealand | Can swing the new ball upfront | Has previously played for RCB and MI,images/Adam_Milne.jpg
Rajasthan Royals,Tushar Deshpande,Bowler,6.50 Cr,Capable of seaming and swinging the ball | Can wield the long handle in the lower order | Has a knack of picking crucial wickets,images/Tushar_Deshpande.jpg
Rajasthan Royals,Aman Rao,Batter,30.00 L,Opens the batting for Hyderabad in T20s | Bats with a high strike rate of 163.63,images/Aman_Rao.jpg
Rajasthan Royals,Ravindra Jadeja,Allrounder,14.00 Cr,,images/Ravindra_Jadeja.jpg
Rajasthan Royals,Shimron Hetmyer,Batter,11.00 Cr,,images/Shimron_Hetmyer.jpg
Rajasthan Royals,Kuldeep Sen,Bowler,75.00 L,"Hit the deck bowler | Bowls with good pace, can easily clock 145+ | Generates bounce because of his height",images/Kuldeep_Sen.jpg
Rajasthan Royals,Nandre Burger,Bowler,3.50 Cr,Bowls with extreme pace | Was part of the Rajasthan Royals in 2023 | Can swing the new ball,images/Nandre_Burger.jpg
Rajasthan Royals,Vignesh Puthur,Bowler,30.00 L,,images/Vignesh_Puthur.jpg
Rajasthan Royals,Jofra Archer,Bowler,12.50 Cr,Wicket-taker at any stage of the game | Can trouble batters with pace and variations | Good hitter lower down the order,images/Jofra_Archer.jpg
Rajasthan Royals,Riyan Parag,Allrounder,14.00 Cr,,images/Riyan_Parag.jpg
Rajasthan Royals,Sam Curran,Allrounder,2.40 Cr,"Currently rated as one of the best all-rounders in T20 cricket | Reliable death bowler | A powerful striker, can bat anywhere in the top 7",images/Sam_Curran.jpg
Rajasthan Royals,Vaibhav Suryavanshi,Batter,1.10 Cr,Youngest player to be part of the IPL auction at age 13 | Made his FC debut for Bihar earlier in 2024 aged 13 | Opening batter who has played 2 youth Tests for India U19,images/Vaibhav_Suryavanshi.jpg
Rajasthan Royals,Brijesh Sharma,Bowler,30.00 L,11 wickets in 7 matches in 2025 Bengal Pro T20 League | A medium pacer who uses his variations smartly,images/Brijesh_Sharma.jpg
Rajasthan Royals,Dhruv Jurel,WK-Batter,14.00 Cr,,images/Dhruv_Jurel.jpg
Rajasthan Royals,Shubham Dubey,Batter,80.00 L,Strikes at 153.75 in T20s | 758 runs from 34 innings at an average of 36.09 in T20s,images/Shubham_Dubey.jpg
Rajasthan Royals,Yashasvi Jaiswal,Batter,18.00 Cr,,images/Yashasvi_Jaiswal.jpg
Rajasthan Royals,Donovan Ferreira,Allrounder,1.00 Cr,"Powerful middle-order bat | Strikes at nearly 160 in T20s | Can keep wickets, and also bowls part time off-spin",images/Donovan_Ferreira.jpg
Rajasthan Royals,Lhuan-dre Pretorius,WK-Batter,30.00 L,Top-order batter | South Africa U19 setup | Emerging talent,images/Lhuandre_Pretorius.jpg
Rajasthan Royals,Yash Raj Punja,Bowler,30.00 L,A tall and lanky leg-spinner | Second-highest wicket-taker in Maharaja Trophy 2025 | 23 wickets from just 10 games at an average of 12.48,images/Yash_Raj_Punja.jpg
Rajasthan Royals,Yudhvir Singh Charak,Bowler,35.00 L,New ball bowler | Tall and hits the deck hard | Hard-hitter lower down the order,images/Yudhvir_Singh_Charak.jpg
Royal Challengers Bengaluru,Devdutt Padikkal,Batter,2.00 Cr,Stylish left-handed top order batter | Strong off the back-foot and a wristy player | Safe outfielder and catcher,images/Devdutt_Padikkal.jpg
Royal Challengers Bengaluru,Jacob Duffy,Bowler,2.00 Cr,Swing bowler in the powerplay | Has good variations for the death overs | Was recently the no.1 T20 ranked bowler,images/Jacob_Duffy.jpg
Royal Challengers Bengaluru,Romario Shepherd,Allrounder,1.50 Cr,"Hard-hitting lower-order batter | Expensive with the ball, but is a wicket taker",images/Romario_Shepherd.jpg
Royal Challengers Bengaluru,Virat Kohli,Batter,21.00 Cr,One of the greatest to have played the IPL | Can take on the powerplay and play long as well | Has umpteen big scores in this format,images/Virat_Kohli.jpg
Royal Challengers Bengaluru,Jacob Bethell,Allrounder,2.60 Cr,"Good anchor player in the middle order, takes his time to get going | Handy left arm spinner, can be used as a filler | Touted as one of the next big stars of English cricket",images/Jacob_Bethell.jpg
Royal Challengers Bengaluru,Abhinandan Singh,Bowler,30.00 L,,images/Abhinandan_Singh.jpg
Royal Challengers Bengaluru,Mangesh Yadav,Allrounder,5.20 Cr,23-year-old left-handed all-rounder | 14 wickets from 6 games in Madhya Pradesh Premier League 2025 | Middle-over specialist,images/Mangesh_Yadav.jpg
Royal Challengers Bengaluru,Yash Dayal,Bowler,5.00 Cr,,images/Yash_Dayal.jpg
Royal Challengers Bengaluru,Suyash Sharma,Bowler,2.60 Cr,Has a well disguised googly - spins as much as his leg break | Deceptive pace and can get the ball to skid on | Very effective on slow tracks to take wickets and stem the flow of runs,images/Suyash_Sharma.jpg
Royal Challengers Bengaluru,Rasikh Dar Salam,Bowler,6.00 Cr,Was picked by Mumbai Indians as a 17-year-old in 2019 | Has a deceptive slower delivery and knuckle ball | Used primarily as a death overs bowler,images/Rasikh_Dar_Salam.jpg
Royal Challengers Bengaluru,Swapnil Singh,Bowler,50.00 L,Defensive and accurate spin bowler | Handy with the bat in the lower order,images/Swapnil_Singh.jpg
Royal Challengers Bengaluru,Philip Salt,WK-Batter,11.50 Cr,"Came in as an injury replacement and rocked the 2024 season | Carefree and powerful at the top of the order | Handy wicket-keeper, loves to play off the back-foot",images/Philip_Salt.jpg
Royal Challengers Bengaluru,Bhuvneshwar Kumar,Bowler,10.75 Cr,New ball specialist | Has plenty of slower ball variations and a good knuckle ball | Can contribute with the bat as well,images/Bhuvneshwar_Kumar.jpg
Royal Challengers Bengaluru,Kanishk Chouhan,Allrounder,30.00 L,Part of the India U19 squad | Off-spinner and handy lower order bat,images/Kanishk_Chouhan.jpg
Royal Challengers Bengaluru,Venkatesh Iyer,Allrounder,7.00 Cr,Often targets extra cover region | Can be a perfect sixth bowling option | Had a superb 2024 season with 370 runs,images/Venkatesh_Iyer.jpg
Royal Challengers Bengaluru,Jitesh Sharma,WK-Batter,11.00 Cr,Can play selfless knocks during the middle overs | Top wicket-keeper with international experience,images/Jitesh_Sharma.jpg
Royal Challengers Bengaluru,Satvik Deswal,Allrounder,30.00 L,Top-order batter | Indian domestic cricket | Known for consistency,images/Satvik_Deswal.jpg
Royal Challengers Bengaluru,Rajat Patidar,Batter,11.00 Cr,,images/Rajat_Patidar.jpg
Royal Challengers Bengaluru,Vicky Ostwal,Allrounder,30.00 L,Accurate left-arm orthodox spinner | Has played for the India U19,images/Vicky_Ostwal.jpg
Royal Challengers Bengaluru,Vihaan Malhotra,Bowler,30.00 L,Top-order batter | India U19 background | Has been in good nick recently,images/Vihaan_Malhotra.jpg
Royal Challengers Bengaluru,Josh Hazlewood,Bowler,12.50 Cr,Bowls across all phases of the innings | Hits the hard lengths and has the ability to swing | He was not a part of the 2024 IPL season,images/Josh_Hazlewood.jpg
Royal Challengers Bengaluru,Tim David,Batter,3.00 Cr,"A rare power hitter, can clear any boundaries | Bowls useful off-breaks | Safe catcher and usually mans the outfield",images/Tim_David.jpg
Royal Challengers Bengaluru,Nuwan Thushara,Bowler,1.60 Cr,Bowls with a slingy action | Was part of the MI franchise after a bidding war in 2024 | Had a reasonably good 2024 LPL,images/Nuwan_Thushara.jpg
Royal Challengers Bengaluru,Jordan Cox,WK-Batter,75.00 L,A right-handed top-order batter | Keeps wickets for his county and in the 100 | Top scorer in the 2024 Hundred season for Invincibles,images/Jordan_Cox.jpg
Royal Challengers Bengaluru,Krunal Pandya,Allrounder,5.75 Cr,Power-hitter with the bat | Bowls stump-to-stump and has a canny slider | Captained Baroda in domestic circuit,images/Krunal_Pandya.jpg
Sunrisers Hyderabad,Harshal Patel,Bowler,8.00 Cr,Death over specialist with a well disguised slower ball | A purple cap winner and has an IPL hat-trick | Handy lower-order hitter,images/Harshal_Patel.jpg
Sunrisers Hyderabad,Liam Livingstone,Allrounder,13.00 Cr,Has a more mature game now | Can smack it big from ball one | Wicket-taking spinner who bowls both off-spin and leg-spin,images/Liam_Livingstone.jpg
Sunrisers Hyderabad,Travis Head,Batter,14.00 Cr,,images/Travis_Head.jpg
Sunrisers Hyderabad,Aniket Verma,Batter,30.00 L,,images/Aniket_Verma.jpg
Sunrisers Hyderabad,Nitish Kumar Reddy,Allrounder,6.00 Cr,,images/Nitish_Kumar_Reddy.jpg
Sunrisers Hyderabad,Onkar Tukaram Tarmale,Bowler,30.00 L,,images/Onkar_Tukaram_Tarmale.jpg
Sunrisers Hyderabad,Shivam Mavi,Bowler,75.00 L,Can bowl in the powerplay and at the death | Has good mix of slower balls | Has experience of playing in the IPL,images/Shivam_Mavi.jpg
Sunrisers Hyderabad,Brydon Carse,Bowler,1.00 Cr,Zippy pace bowler | Regularly clocks 90mph (145kph) | Not necessarily known for his batting,images/Brydon_Carse.jpg
Sunrisers Hyderabad,Krains Fuletra,Allrounder,30.00 L,Left-arm legspinner with a quick arm action | Has played just 3 matches for Saurashtra,images/Krains_Fuletra.jpg
Sunrisers Hyderabad,Shivang Kumar,Allrounder,30.00 L,Left arm orthodox | Indian domestic cricket | Focuses on discipline and control,images/Shivang_Kumar.jpg
Sunrisers Hyderabad,Harsh Dubey,Allrounder,30.00 L,,images/Harsh_Dubey.jpg
Sunrisers Hyderabad,Heinrich Klaasen,WK-Batter,23.00 Cr,,images/Heinrich_Klaasen.jpg
Sunrisers Hyderabad,Sakib Hussain,Bowler,30.00 L,Can trouble batters with pace and bounce | Expensive but a wicket-taker | Opens the bowling for Bihar,images/Sakib_Hussain.jpg
Sunrisers Hyderabad,Amit Kumar,Bowler,30.00 L,All-rounder | Indian domestic cricket | Utility option,images/Amit_Kumar.jpg
Sunrisers Hyderabad,Kamindu Mendis,Allrounder,75.00 L,,images/Kamindu_Mendis.jpg
Sunrisers Hyderabad,Salil Arora,WK-Batter,1.50 Cr,,images/Salil_Arora.jpg
Sunrisers Hyderabad,Abhishek Sharma,Allrounder,14.00 Cr,,images/Abhishek_Sharma.jpg
Sunrisers Hyderabad,Praful Hinge,Bowler,30.00 L,,images/Praful_Hinge.jpg
Sunrisers Hyderabad,Zeeshan Ansari,Bowler,40.00 L,,images/Zeeshan_Ansari.jpg
Sunrisers Hyderabad,Pat Cummins,Allrounder,18.00 Cr,,images/Pat_Cummins.jpg
Sunrisers Hyderabad,Eshan Malinga,Bowler,1.20 Cr,Averages 21.69 at an economy of 7.35 in T20s | Usually bowls a couple of overs at the end | Gets the ball to nip back in to the right-handers,images/Eshan_Malinga.jpg
Sunrisers Hyderabad,Smaran Ravichandran,Batter,30.00 L,,images/Smaran_Ravichandran.jpg
Sunrisers Hyderabad,Ishan Kishan,WK-Batter,11.25 Cr,Can open and also play as a finisher | Enjoys pace and targets mid-wicket against spinners | Experienced in playing high-pressure situations,images/Ishan_Kishan.jpg
Sunrisers Hyderabad,Jaydev Unadkat,Bowler,1.00 Cr,Consistent domestic cricket performer | Has plenty of slower ball variations | One short of becoming one of the few Indian bowlers with 100 IPL wickets,images/Jaydev_Unadkat.jpg
Sunrisers Hyderabad,Jack Edwards,Allrounder,3.00 Cr,Is a batting all-rounder | Plays the big shots at the top | Bowls more than handy medium pace,images/Jack_Edwards.jpg
